idx,cap,R0_mOhm,rmse,rise,railed,pass_,c1,c2,R_end_mOhm
1,1.8564874208181574,151.695661319442,0.1447864143438577,14.652147445917535,False,True,-1.1365811517234987,1.9145406402960985,269.70874041819735
3,1.846327249719927,152.19142966171106,0.1498210515297626,14.335646031057706,False,True,-1.1020512834917084,1.8809284795052157,270.7298636539115
5,1.8353491942234077,150.07845290709622,0.13472343794735003,14.084530525862988,False,True,-1.0744249863953086,1.8536767751531351,267.0273557889582
7,1.8352625275821128,148.2545550100082,0.1460002619477439,14.108068037117334,False,True,-1.0962736981109549,1.8916642299114865,266.17482436126977
9,1.8346455082120419,145.91543514301543,0.14892842386445915,14.140595614085555,False,True,-1.1088339147535298,1.9247372493486763,264.9683252451035
11,1.8356616600675495,146.3722646849093,0.15418425796883733,14.229397669472462,False,True,-1.1090630950464526,1.9338549139839476,267.09891111637614
13,1.8351461429226603,146.82117454050848,0.15922542148358398,14.235822946429721,False,True,-1.1133319496262615,1.9438039451738987,268.75204834981247
15,1.8257567905665537,145.14305199680132,0.12865560961851405,13.80350143457656,False,True,-1.051952062654679,1.8566559419711115,261.940228994454
17,1.8247738529891333,144.66844261336288,0.13582524794649375,13.891056271332332,False,True,-1.0683984707936962,1.8820186593455484,262.37360816995005
19,1.824613268496936,143.6490631009107,0.1413742573195376,13.954923620632258,False,True,-1.090593630499936,1.922778354290963,263.1916190003819
21,1.8246195526864504,141.65713898643673,0.1535394808264217,14.104718071788682,False,True,-1.100152579825734,1.9575689388748947,263.1162873295083
24,1.8142019357673917,144.45880925062434,0.13334368531887464,13.77764600378049,False,True,-1.034382700164454,1.8463591006303663,261.7559532015381
26,1.8137521577549054,143.96571308984892,0.1433623572704422,13.845846734525537,False,True,-1.0572333902109894,1.8860567517374356,263.2878593575294
28,1.8134404914735822,142.10464518938855,0.14808844255171227,14.072310729819833,False,True,-1.0727987246004842,1.9209977665620046,262.63766909730975
30,1.8025980036306504,139.9511632113066,0.12875033771736605,13.741466689435129,False,True,-1.0452133615840227,1.883689246197524,257.29683858759546
32,1.80210690024615,138.74683841237092,0.13396635406993673,13.872944741868082,False,True,-1.0613408017337154,1.915494707403863,257.25799234168244
34,1.802579500826209,138.79367737520113,0.14178815570917078,13.95667580336044,False,True,-1.0667224726330689,1.9332401590293067,259.0608535807863
36,1.8030683142834096,139.6679941368115,0.1494879565471661,14.096334329174795,False,True,-1.0788056714790244,1.9477336223724357,261.02941808750415
38,1.8027776247196041,139.47310134319733,0.15553865895573415,14.185140915471948,False,True,-1.0786777955827123,1.9578769776302927,262.0977379617757
41,1.8470259949329193,145.23845782854798,0.13820586016597863,13.888783779296375,False,True,-1.031302382560518,1.8118005265614965,258.596804601294
45,1.847417311283644,149.12514507533152,0.15438016331281493,14.07016945722529,False,True,-1.0286682785957033,1.8301570688999413,268.64727720570295
49,1.8361774213478947,143.83489436987927,0.14117624795268946,13.948275574114973,False,True,-1.0364986766569475,1.8547250985426769,261.52440533245743
53,1.8257807475776242,139.443972165318,0.13743869142815818,13.949234677873733,False,True,-1.0411857894747303,1.8783646352341854,256.18351583079254
57,1.8251136435078368,138.00840089139172,0.1445461565330035,14.110271378053937,False,True,-1.0720901546747759,1.9361527693050269,257.25630060654754
61,1.8255815042203762,137.56218302851124,0.15551989256879972,14.246717551430208,False,True,-1.0943271345175563,1.9716409791048055,258.2473906910693
65,1.8140311275083907,135.96081599590488,0.14570631931313072,14.043746186110468,False,True,-1.0693026445612945,1.9375408501209181,254.00719090261148
69,1.8147691941158939,135.32650496611635,0.1579425922763899,14.29946773136021,False,True,-1.1120881363471005,2.00792595629932,256.5571061567152
73,1.813969388710352,135.16475048314408,0.16566517906264114,14.433546048604114,False,True,-1.1370962175092345,2.0461608851028137,258.0382494514725
77,1.802765665167823,134.71403932616775,0.1565009561032045,14.20085769442386,False,True,-1.0914367023125,1.9856426228257478,255.17613086788143
81,1.804077040117352,135.56992031688142,0.16535544057805499,14.392900662846728,False,True,-1.1205782021657786,2.026777288757452,258.4232582773453
85,1.8518025516704486,137.1920449526335,0.20783598910784115,14.67666650056077,False,True,-1.1133920391182142,2.019681540700534,261.52775499381494
89,1.8307038456739428,141.32111508225165,0.202040608227079,14.287220103926472,False,True,-1.109251332268365,1.9513178047231143,260.322887942935
93,1.8199041089501267,138.44876021523268,0.2065278443278488,14.308408700187329,False,True,-1.1322255374120287,1.9886043299136666,257.01334231170244
97,1.8093079637028517,133.34675205323583,0.20122415407951752,14.32194371135165,False,True,-1.1712359647921682,2.0672809317628347,252.8314380924232
101,1.80460990458052,134.62907504685816,0.20128122313145397,14.3405600102883,False,True,-1.2663205674882698,2.1663016284719783,255.79269284678492
105,1.7993770651972192,139.79678035071453,0.21312714391847332,14.36112038390229,False,True,-1.1470102121047074,2.0126747199234467,260.8138914076602
109,1.7884432335370462,135.88418964974952,0.21049045203909214,14.317003853809467,False,True,-1.166146676023309,2.060951505623897,257.4740188147077
113,1.7829230484252723,134.3821849859479,0.2192447407377552,14.557984921026161,False,True,-1.1902257958218034,2.1032872940452796,257.0813841437618
117,1.7730337158018288,131.87532171761117,0.2111682145358678,14.518922832738554,False,True,-1.1978219577779583,2.140774983157861,256.2275553041806
121,1.773037755078937,135.42669705579743,0.22567930835286168,14.959371983891572,False,True,-1.190266676260092,2.1307550952291545,262.7939372560066
125,1.7678721106662054,143.06556016436159,0.21499277299274785,14.728714061595383,False,True,-1.1382718303840684,2.023098402354759,269.6537693316602
129,1.7623150704093087,145.33325831675444,0.22174786914815123,14.616668328231015,False,True,-1.11510257115153,1.9739217327384269,270.14824537504137
133,1.7676172924938447,141.70460117766768,0.23818367674856214,14.51083922740412,False,True,-1.2058708183896536,2.1160899911877054,270.6868460432822
135,1.762668359743147,140.5894414629037,0.23332238246727915,14.441304705946948,False,True,-1.2508262379334365,2.1343767968730307,264.8073210484576
139,1.7517304870664143,135.33101876693422,0.236817190169846,14.766334581785031,False,True,-1.2566090930664844,2.191055561722609,261.7906113533316
143,1.7418496047960008,134.69893239269337,0.23024085260093285,14.805312964989355,False,True,-1.2681812685214158,2.2055231028317963,260.9578767613105
147,1.7360913511847138,135.17431959904073,0.2380997285165281,14.965001236699607,False,True,-1.279613778229186,2.2341355456141407,264.2011500477758
149,1.7936240148573608,173.7843520757885,0.2794088977017566,14.06480804094133,False,True,-0.988803489397797,1.6872786291656026,295.16840168138236
153,1.7831890223273275,163.02247888574578,0.25400251843109384,14.18488470398654,False,True,-1.093818400198665,1.847398148697357,285.87291752409936
157,1.7673642076278957,153.42533512712396,0.2554777289707219,14.346685208224358,False,True,-1.1673172968654133,1.9716506673168934,276.8304520425714
161,1.7570177850353066,147.95938342336567,0.25575460672337275,14.589947971667755,False,True,-1.2056674957864255,2.063874791540555,274.93920575258073
165,1.7468706179837907,143.89701403213985,0.2532952914284405,14.588353315265067,False,True,-1.2244469803723617,2.1138944236145574,271.88584525321295
169,1.7417172507457144,144.28427437273464,0.2583016557695517,14.90069123801078,False,True,-1.2228495289327215,2.1334177451708687,275.664948719531
173,1.7364225056478186,148.8791850320821,0.26377793256811216,14.896646278891978,False,True,-1.1802647432357984,2.076778697717314,282.3514519451793
177,1.7263217239235826,146.3656320005923,0.2609745722970099,14.840646651769987,False,True,-1.2308150195415557,2.128332768772827,277.7313845985765
181,1.7158065389330133,145.65903466511534,0.2600587604061271,14.867707224154742,False,True,-1.266455354035445,2.1754239957119066,278.0585295525699
185,1.710533351135192,144.35799865973343,0.26705340094891533,14.988636771073914,False,True,-1.2690156836062052,2.194619553764529,277.9763209074928
189,1.706014499648521,146.50983918319105,0.27676654430976083,15.183155569322025,False,True,-1.2201520668755592,2.153449400085275,283.2470813818476
193,1.7003110272642588,153.33076831952877,0.2775897169728612,14.884493588522957,False,True,-1.228854521340265,2.092420549283141,285.74201087865356
197,1.6945798601797895,150.95215048590555,0.27220989437519205,15.026593610097109,False,True,-1.2617573920558303,2.160322812081901,286.5925329911119
201,1.6849029086609286,149.36314381825082,0.2665974411963538,14.958476185200652,False,True,-1.2573370135013124,2.166107664873327,285.0999853169345
205,1.6744741591159717,147.83988827237542,0.269024315927213,15.110608773944989,False,True,-1.2974607986470426,2.222909048051398,284.6580540661808
209,1.6745692479879102,149.8664463777338,0.278720583544014,15.315496776048121,False,True,-1.2527512013434416,2.1975894776736107,291.46600125299955
213,1.663716375981405,149.01109021964822,0.270016190675953,14.67796740539518,False,True,-1.3078648898591958,2.2415314705533316,288.1377653105326
215,1.659013868748246,153.45771016229807,0.27441531683293635,15.115677856881007,False,True,-1.257513730275982,2.171323480293715,293.6888619240014
219,1.6538540573335014,152.06356221290693,0.2815695077298135,15.375632472490565,False,True,-1.2814450307294498,2.2278604200900403,295.9788576521936
223,1.642653782130131,150.5186904178871,0.27358637218108334,15.35457128944563,False,True,-1.2802853121870643,2.235028288014766,294.22535282514923
227,1.6378578430223698,151.06837919185065,0.27908234498047474,15.462157921153619,False,True,-1.293210263104325,2.2579193085044493,296.80541107216493
231,1.6327350407099108,152.44691831244447,0.27985069303468507,15.475354015335483,False,True,-1.2963948127604707,2.2585954753258712,299.131444118732
235,1.6277528915533617,152.96812263112992,0.2848010801010915,15.519413924501066,False,True,-1.2939122779028491,2.2611460136862642,300.92405133941327
239,1.622125485521159,153.28737028445022,0.28914646381814263,15.643852566505302,False,True,-1.3065624258050406,2.283000570209708,302.96300568566994
243,1.6113256603765849,152.9048209876288,0.2743417906932177,15.527397208594664,False,True,-1.2966071566691368,2.2685711736346104,301.5228050081511
247,1.6065631397488385,153.77589952765638,0.2808736390230592,15.656774387253904,False,True,-1.3120272368687504,2.2921743890206328,304.4989095192828
251,1.6015142233917594,154.1799880187358,0.28611506029671063,15.712680942665088,False,True,-1.3260324258281309,2.313774763273365,306.47008977164006
255,1.590369231400328,153.45125702316105,0.27318659970068687,15.632547898674716,False,True,-1.3093196478521152,2.2927189923359195,304.35512258995334
259,1.5857889968242211,153.24142021800674,0.2818270709065729,15.758326936067931,False,True,-1.3291183863013862,2.3310303472613434,306.7758320489187
263,1.5849430707374117,151.37017302948533,0.27402482112128823,15.528747201881458,False,True,-1.3570555032141598,2.369721375363099,304.6575813177249
265,1.5955263892495937,159.44085307394144,0.2844093274206586,15.366072616583722,False,True,-1.2824913524250479,2.2063131868015042,306.73579443525705
269,1.5747301747801037,152.12918564770976,0.267815370902984,15.59463590466521,False,True,-1.3429121483917834,2.341070972306022,303.9782746768587
273,1.5649019950937946,148.63496930810552,0.26544400986108385,15.856810605948965,False,True,-1.3686193907786075,2.410680129271593,303.52163519119216
277,1.5597659473370362,150.5598113480874,0.2703883703960327,15.965795188082268,False,True,-1.3605231244780256,2.4088179839172734,308.3908876224304
281,1.5594815668184234,158.03899596264412,0.28957863770603404,16.051299490293786,False,True,-1.3454360445440028,2.3589310551473717,318.21072985154984
285,1.55468935359061,160.90133840695057,0.2907250758975557,15.810713669279608,False,True,-1.302694821186733,2.284889156950584,318.93772160707994
289,1.5488741079890418,159.8861271836065,0.2941214908505563,15.904884716256163,False,True,-1.3320437913419196,2.3362609772949,320.44652389684813
293,1.538236598942558,157.48010635507035,0.28101915107537745,15.87460524758319,False,True,-1.348575420562155,2.3571910151631155,316.3169974642121
297,1.527914258251028,153.81670831234567,0.26685966722499765,15.95152377176504,False,True,-1.3612128809478525,2.40322944851574,314.0962667425671
301,1.5285252629756445,157.5581858764492,0.2886058487843698,16.213424307696982,False,True,-1.3353107710760468,2.3783940294956176,321.90449179113216
305,1.522647325284378,162.56610878959302,0.2841383869106544,16.00339816781991,False,True,-1.3100788728954043,2.3096200923593697,325.05763541265446
309,1.5174859938489869,162.80317749979793,0.2831901334388681,15.997992661194758,False,True,-1.2965153659383877,2.3014263287164978,326.4058753444554
312,1.605818899130659,158.3676867642057,0.28648889309892245,15.977345940157363,False,True,-1.3129311870252847,2.30786106759104,315.9324304419918
315,1.5638491446744425,167.626207524644,0.3096215026082234,15.795681431404432,False,False,-1.2803370607410551,2.208567576267577,323.22196855100003
319,1.5480915247767786,167.3298017766138,0.30579099186914094,15.833474434652146,False,False,-1.286973616678749,2.2394712298983386,326.7110385893455
323,1.5323755631868592,164.20124410864605,0.2845983636110804,15.776074449856253,False,True,-1.2802211097727434,2.2504617724741043,323.5159680090067
327,1.5269528268489705,163.35216407194903,0.29251985179841394,16.026041378501418,False,True,-1.3324083102499413,2.328021372453293,325.98771236116653
331,1.5169573017136326,161.70232576946532,0.2832876694530714,16.035573712016458,False,True,-1.3182118800975169,2.3268455279904856,324.80073248309833
335,1.5118975960142693,162.81361926249602,0.2893476703689773,16.11145758817611,False,True,-1.3234714316035587,2.3396755599615626,328.2654913099527
339,1.5065638960681105,163.82687705766995,0.28839435196182306,16.108291919629153,False,True,-1.32591902231807,2.335694513832159,329.2552423617969
343,1.5015453526671363,164.5804413868361,0.29247562124004234,16.17334098190173,False,True,-1.331975764827839,2.3466409476569043,331.5744850366985
347,1.4908444050400238,164.08416500945918,0.2780982917652415,16.085552784816116,False,True,-1.3011762931496735,2.309427928616349,329.5222927344302
351,1.485868384561201,164.9243586721847,0.27900424515454636,16.112565173909843,False,True,-1.302547066913353,2.3151670883617275,331.9300662881718
355,1.480413677976106,165.60137077603795,0.2796020363729825,16.170034126178848,False,True,-1.3120171615050165,2.326853140761685,333.659600053785
359,1.4752095869031632,165.58140111695545,0.2777871347834747,16.19103513083371,False,True,-1.3058904883079312,2.3225667647083923,333.9240834457128
363,1.4859035988304024,165.15093772903722,0.293326967508223,16.24073872765831,False,True,-1.2985324255093635,2.332263081513121,335.87252492731056
366,1.4960918298136696,175.40785462905282,0.3086744728038896,15.940464447459476,False,False,-1.2697665908173428,2.2054482863660017,339.53377346091764
370,1.4808005946928984,173.96530742853054,0.3047090026512375,16.147133291223838,False,False,-1.2915848223313349,2.2620331252415697,342.7896447878053
374,1.4697543268466824,172.06903616416875,0.2932558928791895,16.153684531361648,False,True,-1.291500789956212,2.2753183028519826,341.3535673695736
378,1.4539012274845928,169.15709552403447,0.28582758131817243,16.24588810885666,False,True,-1.3046228882978368,2.3169782296410233,340.4041847038904
382,1.4541462067235693,169.69162500047955,0.2825210146547724,16.31656522367706,False,True,-1.3036759170096939,2.314313879719012,341.18842317979784
386,1.455023751906683,173.8482404636141,0.30518133970204087,16.3449150549892,False,False,-1.295317899182809,2.2945497350360786,347.5629369419319
390,1.449042163761236,176.3527679769506,0.3047590022665204,16.345529219404284,False,False,-1.2930692320837283,2.28319894401786,350.96488333275545
394,1.4386709371480566,172.34583164997466,0.27858193728816294,16.25134662972846,False,True,-1.2824674173140462,2.282869649526574,344.7609863451338
398,1.433445432156979,170.72627801459984,0.27758223039788527,16.379186216446044,False,True,-1.294168505273529,2.3111656856566265,344.3544213727487
402,1.4333958900838095,175.38400696151172,0.29914913493585804,16.466972088182104,False,True,-1.2992675667641638,2.3022728336246923,351.2950896670115
406,1.42806487344776,178.5820222497946,0.29877545433690517,16.33969297558832,False,True,-1.271706034575396,2.253590152336048,353.9288736144473
410,1.4229203181741186,176.1862395065815,0.2915748648253727,16.35075610745764,False,True,-1.266914237067172,2.2670960273121397,352.4045079528028
414,1.417429032731308,174.36947281656145,0.2871901382611425,16.453794392544637,False,True,-1.2917173987425736,2.309430889512536,351.82763768042224
418,1.412409228794446,171.79751944069145,0.28084948712916963,16.579459605000636,False,True,-1.2935938200648767,2.335627609882172,350.81633970468556
422,1.412578792940193,175.7255918720297,0.29732360058371665,16.623953608285717,False,True,-1.288602170555336,2.3185408377060956,356.7121737489863
426,1.4075983731469897,180.40413973886908,0.3031447423118141,16.407221824842964,False,False,-1.2516925428889123,2.2432322930611455,359.282015385584
430,1.4333920485221476,175.40517950681337,0.3026828394276143,16.007544851372757,False,False,-1.2536637343101247,2.2565408151230377,351.3150138900714
432,1.4382550176792908,180.81806580700012,0.3179665704577554,16.150014695181937,False,False,-1.26742904256803,2.2232411075154546,353.64615466578823
436,1.4173547174485526,175.69358893570978,0.2885967566850048,16.169978705118012,False,True,-1.2610068839779613,2.253964711197718,350.1499132617532
440,1.406981663677643,171.68615585094378,0.2751130276298638,16.312234344673243,False,True,-1.271257818118248,2.2955359951703076,347.5405385910243
444,1.4012037783587625,171.0184700754713,0.27354747717439193,16.46984198103229,False,True,-1.280931088462377,2.3217211115494307,349.01278749363365
448,1.3967008232726328,170.96397575715343,0.27453067545508875,16.53174367696448,False,True,-1.2843059434161543,2.3366548217814467,350.8777238860649
452,1.391284788852726,170.76627214650412,0.27141613133469966,16.559595123386828,False,True,-1.2807182023183832,2.3386371623429634,351.42314918300815
456,1.3862287677978349,170.96350679638965,0.27114262867760536,16.614737295186842,False,True,-1.2878197461095382,2.3469498064815695,352.03609607106404
460,1.3804366761974138,169.46986857021645,0.2625733958462958,16.624455012830424,False,True,-1.2885695098987915,2.3598888502907136,351.0262163831665
464,1.3752364150256224,168.7684208347309,0.25849024618809285,16.634933596517783,False,True,-1.2803750169913737,2.3554561841588257,350.2081716867412
468,1.3705128024895008,169.11175531996193,0.2619850518779,16.718211742594974,False,True,-1.2767395101289631,2.361598285029771,352.574127017701
472,1.3705085566270399,170.40880928715615,0.2677278267668938,16.795206377160184,False,True,-1.294779934527489,2.380008887812183,355.3413830203476
476,1.3647355108681518,169.49632311275744,0.26073800313393064,16.802633263573625,False,True,-1.290337124216869,2.3829434767351585,354.6890824742487
480,1.375392016895762,174.7016659649293,0.2799969258681645,16.39838980176546,False,True,-1.2311478728880187,2.278263265216436,357.63446946222433
482,1.3861115151535393,178.94358865829645,0.287120778102178,16.40571541605044,False,True,-1.249968025598016,2.249574485062539,357.8167557608922
484,1.3698500035838939,177.05804856332907,0.2760492354555783,16.58142599716399,False,True,-1.2548404015588202,2.281824290536502,358.893811851696
488,1.3647827949260758,174.54181763051852,0.27249268462922493,16.824088857785966,False,True,-1.2725806009490888,2.3413565347630714,361.0879117581658
492,1.3543220466259964,170.57708363052987,0.25492502914719106,16.834078143384943,False,True,-1.2569320209771528,2.340653098179781,355.43506444869047
496,1.3546417018378962,176.1268805835866,0.2793793013728037,16.852627247164662,False,True,-1.257994690958225,2.3247777244283805,364.016048528181
500,1.3547039213192407,179.07569705898464,0.2872404139800667,16.802419719130285,False,True,-1.257069824738338,2.3096470138007357,367.5666908987202
504,1.349314997503458,176.33070304436444,0.2719498510729986,16.869926269320445,False,True,-1.2720566453779414,2.341588568246916,364.9220189322417
508,1.3441891937970554,172.0999629981893,0.26176438699757826,16.992861173350605,False,True,-1.2710779371845995,2.3711883704309313,361.428927853805
512,1.3389913790695755,171.09070131354974,0.25536385582493143,17.119459396598074,False,True,-1.2821508178306837,2.39387449023106,361.2962840914052
516,1.3389145230206971,175.035602110314,0.27084394921582333,17.115526795728215,False,True,-1.2627455849614033,2.3615277089705056,367.3615927742969
520,1.3340066759761655,175.79199256992752,0.26007317964243865,16.941078753200088,False,True,-1.2511670655612661,2.3269486287870875,364.90577713938615
524,1.3286444309174914,172.10258773103493,0.2530435141152722,17.033092779215053,False,True,-1.255455664222071,2.3616697707849545,362.484898055082
528,1.3231708992276219,168.52866194033336,0.23874543626253275,17.143683343394855,False,True,-1.245960699411041,2.375028248053863,358.8089051533604
532,1.3181691588445197,167.60560693709076,0.23155561440716013,17.214946633808836,False,True,-1.2262927173379525,2.3607118185939213,357.7406089241264
536,1.3184664436640334,172.86549126475845,0.2506061790790546,17.181400036546393,False,True,-1.2311409591941125,2.350005252790705,366.2785170359304
540,1.318293040102702,173.30713932816795,0.2531137173719728,17.17649036664841,False,True,-1.2558548232789888,2.3703602091565528,366.4588795204445
544,1.323872422244268,165.14724973525637,0.23494980647116934,17.06748837397123,False,True,-1.2047016436131102,2.3451762976651667,353.4935022447214
547,1.3601216766554785,173.8234001439146,0.27403788280138536,16.80901297546484,False,True,-1.2795689347180559,2.3464638194085676,359.27469659696897
551,1.3395306867947354,173.39929471347517,0.2598087320548969,16.87883115726794,False,True,-1.2372858269801041,2.313843663728978,360.0736643239945
555,1.3290286565120697,170.5784568799037,0.2422114816093623,16.880907780114512,False,True,-1.2180614423482625,2.311791612420186,357.1452615337671
559,1.3236741274998955,170.42406779781948,0.23694658946452885,16.976331560766255,False,True,-1.2261630522593112,2.3233692649847666,357.4144137835312
563,1.318633896753293,169.2543471147617,0.23553343406017035,17.052224205928894,False,True,-1.2134777069375824,2.3273900904993043,357.788860337549
567,1.3134751321324272,168.58460056197146,0.22999038087608717,17.07388471100313,False,True,-1.1969085078337454,2.3164454007997852,357.32128047704185
571,1.3132020634442203,169.33902888998276,0.23623818615002176,17.132405032087604,False,True,-1.2143453739581627,2.3388870144838445,359.76781824294983
575,1.3077959946944353,168.5450242933913,0.2300063505962086,17.144633756028952,False,True,-1.1998688935963007,2.326775252419253,358.479483917583
579,1.3030329186405918,168.0618481330164,0.22781399390182397,17.13659517396377,False,True,-1.1874709691730503,2.319583542349436,358.3267794756646
583,1.3033573559038205,169.15414718913772,0.23287304518543478,17.193506729456942,False,True,-1.1983286763326577,2.336967958734624,361.75970395989407
587,1.3034100438655642,170.87441155163674,0.24072479281182094,17.283869942518606,False,True,-1.2199892705672408,2.3582919685363883,365.38121523475536
591,1.2978870806495706,170.53220943302819,0.2309584707880175,17.187167414624014,False,True,-1.178014103213689,2.304279373439845,362.5967143723811
595,1.2980735056918902,169.8285654098427,0.2355759852388742,17.310870963134107,False,True,-1.2031610556924193,2.3522057387452517,364.96917552451265
599,1.293463613844243,169.94546098210503,0.22831491359080341,17.24223911400344,False,True,-1.1859901842715752,2.3211970331444487,362.8687122238484
603,1.288003392619118,170.71411540393365,0.22362670610770444,17.178363908631184,False,True,-1.172280080590167,2.297665693070165,362.83332472677057
607,1.2874525221379407,171.0415701211807,0.22746159856156806,17.214629087918524,False,True,-1.1669845786152504,2.2986689265791918,364.6066378784978
611,1.3090153642307354,172.38764845474591,0.25477462680081936,16.11292476588295,False,True,-1.1796404463019254,2.275596105015122,361.316867270986
613,1.3250793286429356,183.07604057869398,0.24272483755085106,15.957710564427941,False,True,-1.2482508334654518,2.1785855021210634,353.3980281292545
