idx,cap,R0_mOhm,beta,h,R_end_mOhm,rmse,rise,tau_frac,railed,pass_
1,1.8564874208181574,105.87634086769604,0.9866016421572131,30.153561240363338,210.3341126333618,0.6956626543447412,14.652147445917535,4.495906945869534,False,False
3,1.846327249719927,100.91886918837295,0.8333960493594568,25.907392508259466,185.02425607578675,0.6705431736500015,14.335646031057706,3.844075047812187,False,False
5,1.8353491942234077,99.63874808306183,0.8342205075802057,25.739038665760166,182.7594350835699,0.6447828808641183,14.084530525862988,3.797564803736369,False,False
7,1.8352625275821128,102.76859570474979,0.9743175293682577,29.225658887914538,202.89783996844696,0.6640903368894608,14.108068037117334,4.28827561486754,False,False
9,1.8346455082120419,99.94390962417607,0.9954750182180913,28.88812248870356,199.43557487809002,0.665093212890881,14.140595614085555,4.235958192669628,False,False
11,1.8356616600675495,94.01222759911263,0.8379748487926328,24.339775105345595,172.79210980613763,0.6587013194160148,14.229397669472462,3.5917453802637063,False,False
13,1.8351461429226603,92.97776844165521,0.8146297293190985,23.544335848429895,168.72022277997462,0.663437539907779,14.235822946429721,3.472982648761682,False,False
15,1.8257567905665537,115.05938323906778,1.2752511056615679,39.023210662144955,261.78898893142707,0.6701900576519421,13.80350143457656,5.632670141398455,False,False
17,1.8247738529891333,123.38809980796327,1.4364852549420877,45.5187093517495,300.63328581742513,0.7095610395890976,13.891056271332332,6.530038638871341,False,False
19,1.824613268496936,120.5630273832652,1.4649036910135937,45.06559791797157,297.1762511967833,0.7191671395880137,13.954923620632258,6.466230489139255,False,False
21,1.8246195526864504,125.03519093698904,1.6310636814092867,50.581902987306734,328.9755497723874,0.7472603181279337,14.104718071788682,7.214818707916752,False,False
24,1.8142019357673917,139.1506344695302,1.6039338299644001,55.47550513565477,362.33904455622,0.709195522308041,13.77764600378049,7.824883880268808,False,False
26,1.8137521577549054,145.66038179014754,1.717374677505538,61.023088618352446,395.81383299233573,0.725995426040492,13.845846734525537,8.55625313105393,False,False
28,1.8134404914735822,140.30001126037817,1.8087322698207495,61.10118806370769,394.0651690832387,0.7285485001922375,14.072310729819833,8.566510003275383,False,False
30,1.8025980036306504,138.67689567925902,1.8015078540090324,61.010541339229256,388.5044124150354,0.6827757679031479,13.741466689435129,8.50523182832803,False,False
32,1.80210690024615,142.37715185729888,1.9479613170159908,66.5537196525638,419.7223361022285,0.6772403159334301,13.872944741868082,9.221809779900601,False,False
34,1.802579500826209,148.58171283086665,2.03120000150111,71.4511681245537,450.3808881559605,0.668527543742815,13.95667580336044,9.84289351523135,False,False
36,1.8030683142834096,156.44563199325933,2.0954282376983357,76.82347107155458,484.2662269364971,0.655937301567558,14.096334329174795,10.523797431812616,False,False
38,1.8027776247196041,155.61457448103545,2.125095257801857,76.92467064182239,486.31036875553775,0.6645163552968086,14.185140915471948,10.537222194271848,False,False
41,1.8470259949329193,128.46268381269164,1.4403909390455023,47.741777708721905,313.49916958196,0.6950126768976779,13.888783779296375,6.92831378653974,False,False
45,1.847417311283644,148.12226626065532,1.5795692618356822,56.97469014724593,382.0916450394271,0.7531818764257802,14.07016945722529,8.177414985292579,False,False
49,1.8361774213478947,139.92762202547814,1.692585726635227,57.70743449289788,376.7671178278115,0.715399595794321,13.948275574114973,8.234274993598357,False,False
53,1.8257807475776242,138.7049803929603,1.8980621419093466,63.17776915661011,401.9756525711164,0.6797918117553025,13.949234677873733,8.91612412652556,False,False
57,1.8251136435078368,128.09129990296825,1.9034082548823912,58.35742623043311,371.9013375168941,0.706894956407958,14.110271378053937,8.279902537625517,False,False
61,1.8255815042203762,150.961865826801,2.255506894559103,78.72487799194343,491.45739501465687,0.6412649766695274,14.246717551430208,10.916316024284317,False,False
65,1.8140311275083907,142.3000578920737,2.209900650517141,73.5702423268734,456.76904839639417,0.6357184021189564,14.043746186110468,10.199139301163374,False,False
69,1.8147691941158939,144.35398565775805,2.3985305600545224,79.4381929292905,490.5914317235629,0.634712094895069,14.29946773136021,10.952540047719939,False,False
73,1.813969388710352,142.55131072777954,2.4490156287498475,79.68381291186668,491.6616985988874,0.6554480403079926,14.433546048604114,10.980873716878738,False,False
77,1.802765665167823,137.9379769134836,2.335976356718508,74.32094929636035,460.1578296769647,0.6512605300174871,14.20085769442386,10.241931294633682,False,False
81,1.804077040117352,143.82498449941633,2.437072428484375,79.78657659587242,494.33688875013655,0.6481442035994177,14.392900662846728,10.937108459061482,False,False
85,1.8518025516704486,140.8804168119563,2.4799504523275515,77.29352804225176,490.25687020886136,0.6851096166171549,14.67666650056077,10.838807416462952,False,False
89,1.8307038456739428,159.5435826309999,2.238271167615938,81.850544309561,516.6453836121179,0.6527173868664942,14.287220103926472,11.290774948774587,False,False
93,1.8199041089501267,151.5301445694904,2.3319816265330497,81.49780660523362,504.89565757143885,0.646546123573554,14.308408700187329,11.179915209875343,False,False
97,1.8093079637028517,132.8061810828423,2.593301652243572,78.7174314172906,477.21266991313627,0.6544256926069311,14.32194371135165,10.769180718341252,False,False
101,1.80460990458052,136.43623561144605,2.668780716001791,83.46862773328847,500.5546301751501,0.6810227593239574,14.3405600102883,11.359108963196029,False,False
105,1.7993770651972192,147.64717899667315,2.327904259532552,78.44596265891794,491.3556758909937,0.6905203135879403,14.36112038390229,10.675833085305168,False,False
109,1.7884432335370462,135.10982275944102,2.4638726610814548,75.88099252424051,468.0032212999887,0.6932634935725558,14.317003853809467,10.297492174950488,False,False
113,1.7829230484252723,131.70768089549236,2.660791024954762,78.89621732871655,482.1542961398242,0.6893304351224915,14.557984921026161,10.645410818959553,False,False
117,1.7730337158018288,121.10412066762358,2.814290819675582,75.82463998230305,461.92633568740047,0.6938983541181225,14.518922832738554,10.205736133763507,False,False
121,1.773037755078937,129.9808600547353,2.7687776900687275,78.68724830146914,489.8689655102319,0.7150494525295078,14.959371983891572,10.55899574997413,False,False
125,1.7678721106662054,146.39642640460121,2.3259395004089294,75.30058159515434,486.90565729777194,0.7351983646240138,14.728714061595383,10.106536774479753,False,False
129,1.7623150704093087,153.61176873667546,2.200566661364444,75.47720828874253,491.6447058118284,0.7372156585271301,14.616668328231015,10.099698253433925,False,False
133,1.7676172924938447,155.06949502573107,2.554053472352304,86.87391803888792,551.1252772521179,0.7348840996689188,14.51083922740412,11.679333051205388,False,False
135,1.762668359743147,140.094531712467,2.4479629958982154,77.65558318939479,483.04076127227523,0.7598636122946921,14.441304705946948,10.391973683182398,False,False
139,1.7517304870664143,124.90994643780265,2.8142210856101584,77.63318639407413,476.4341515055023,0.7468190749259266,14.766334581785031,10.32967416984832,False,False
143,1.7418496047960008,121.87960242381997,2.9029144399938867,77.86818629974078,475.68566024064086,0.7404363892301696,14.805312964989355,10.304802056434642,False,False
147,1.7360913511847138,120.76821002680285,2.955740989289634,77.65331938071871,477.7277586061634,0.7561297875226313,14.965001236699607,10.244013342673,False,False
149,1.7936240148573608,279.8665721499634,1.5395835301072567,97.83638491755796,710.7445372596213,0.7426890331167446,14.06480804094133,13.159238856496998,False,False
153,1.7831890223273275,218.20820209976918,1.7455335898180462,86.7122264691376,599.097948438721,0.7725507402752116,14.18488470398654,11.664164338101008,False,False
157,1.7673642076278957,187.13348526759637,2.0569879504041477,86.87163230874945,572.0648095801743,0.7575231504436938,14.346685208224358,11.588426542476315,False,False
161,1.7570177850353066,168.09108460092818,2.335544229419828,86.6499615297395,560.6752472575462,0.7637564229347918,14.589947971667755,11.495782126483881,False,False
165,1.7468706179837907,150.56053542616448,2.4937717889141067,82.39559618744163,526.0241511957364,0.7711590466231498,14.588353315265067,10.90326775609676,False,False
169,1.7417172507457144,149.64153196044384,2.5362550718841606,82.01914739239287,529.1706263596352,0.7962030473566245,14.90069123801078,10.822073567549582,False,False
173,1.7364225056478186,156.07181068242238,2.3343970142533483,78.02290438342156,520.405379548583,0.826957284457054,14.896646278891978,10.296164115004546,False,False
177,1.7263217239235826,144.7430923026669,2.3601418965608727,74.58342901833117,486.35732868396855,0.8330218245747935,14.840646651769987,9.816667913920872,False,False
181,1.7158065389330133,137.10894526271966,2.4027466157675463,71.82860697085265,466.5469994841771,0.8496883587922744,14.867707224154742,9.427955951727803,False,False
185,1.710533351135192,132.83061042037596,2.49450963464288,71.56166222419287,464.1778478894987,0.8570181834044788,14.988636771073914,9.364504182432334,False,False
189,1.706014499648521,131.48916317789133,2.3889813611757558,66.58113720745648,445.6143232064712,0.8700451876824902,15.183155569322025,8.71645276409568,False,False
193,1.7003110272642588,146.50855640567434,2.057866716611223,66.39628823116553,448.00363833166955,0.8889448238444775,14.884493588522957,8.665343360892198,False,False
197,1.6945798601797895,134.2523129755158,2.11780085676217,62.07269720513983,418.57197641736616,0.8931029201329295,15.026593610097109,8.100251234420764,False,False
201,1.6849029086609286,130.79687703093495,2.1722046779870565,61.807493031483574,414.9144651836296,0.8792981770006434,14.958476185200652,8.022410316418465,False,False
205,1.6744741591159717,116.60199617486458,2.104678233243475,53.764822970443916,362.011679476841,0.8717490749527902,15.110608773944989,6.980127301020883,False,False
209,1.6745692479879102,122.83057904421044,2.152841192568524,56.15112349745685,387.26530931763074,0.8978388044964376,15.315496776048121,7.268060764110539,False,False
213,1.663716375981405,110.72327310807376,1.8574340457979603,45.879432895659214,316.38445024119574,0.8473787660831676,14.67796740539518,5.922849415383562,False,False
215,1.659013868748246,113.64590821972764,1.7525376929642884,43.931497023372536,312.81464602596037,0.8524874050182961,15.115677856881007,5.67171246659569,False,False
219,1.6538540573335014,109.85955055225773,1.8312966693687158,43.57633896535593,311.0449795769514,0.8685336757944054,15.375632472490565,5.609986186517039,False,False
223,1.642653782130131,101.4185988205691,1.666419182520362,37.36116643708963,270.42449735950237,0.8228742222247291,15.35457128944563,4.794966820003884,False,False
227,1.6378578430223698,99.63021138590558,1.6226404632687845,35.678624825249706,261.29422374469834,0.8280367807419053,15.462157921153619,4.56627726246817,False,False
231,1.6327350407099108,91.32263104886623,1.1828414054559868,25.675708065746413,199.34282030864568,0.7936301433581203,15.475354015335483,3.28619912235629,False,False
235,1.6277528915533617,89.60892274840789,1.0592493985961526,23.212970261130092,184.5271202785081,0.7916963067582801,15.519413924501066,2.9628922693571798,False,False
239,1.622125485521159,88.12068386087519,0.9877273427765041,21.620383909766247,175.1598927744258,0.7964524201980298,15.643852566505302,2.750662296816378,False,False
243,1.6113256603765849,84.68811710603174,0.7129320903131681,17.012309334028735,145.06499345912133,0.7698715889414727,15.527397208594664,2.164580252522582,False,False
247,1.6065631397488385,84.34796067831542,0.673714233139127,16.243782149338962,141.17438232355593,0.780371446742756,15.656774387253904,2.0611863150610117,False,False
251,1.6015142233917594,83.92985035117701,0.6356092960992872,15.557692670056188,137.27644345460712,0.7870574308996828,15.712680942665088,1.968519567994534,False,False
255,1.590369231400328,84.73084764638719,0.6747474106171901,16.328559045214654,141.90276769518658,0.7664207878763736,15.632547898674716,2.0596461730573314,False,False
259,1.5857889968242211,83.8883868022193,0.6449337127828557,15.616010005799184,137.99083556193892,0.7735574787294975,15.758326936067931,1.9699044541153854,False,False
263,1.5849430707374117,82.00390276933602,0.6721810749910686,15.663168357800037,137.1253742862914,0.771618332584657,15.528747201881458,1.9755666300537522,False,False
265,1.5955263892495937,86.74611896541201,0.5807021137436817,15.506959738325694,137.11977360768762,0.7740302659568741,15.366072616583722,1.955355570462672,False,False
269,1.5747301747801037,83.68254593569354,0.6878280214821847,16.294291259767302,141.24174593923362,0.7632170168680253,15.59463590466521,2.04342131120085,False,False
273,1.5649019950937946,82.57873880762754,0.7518219726597855,16.835882217460767,144.66324911773526,0.7633187305164931,15.856810605948965,2.1053995166048294,False,False
277,1.5597659473370362,83.35431458666028,0.7178782578590639,16.256128004859526,143.19256472716833,0.7634637315889417,15.965795188082268,2.0333499883237187,False,False
281,1.5594815668184234,85.5968832241191,0.5966054821277986,14.685348971302794,136.66445300868153,0.7802435139433809,16.051299490293786,1.83601157622923,False,False
285,1.55468935359061,87.16979872643101,0.572639561524143,14.659989993634051,137.08667404728226,0.7657287576435442,15.810713669279608,1.8282227707087397,False,False
289,1.5488741079890418,86.51260132163515,0.591572492489315,14.720535281642904,137.69107651720924,0.7714858880618174,15.904884716256163,1.8352344112492684,False,False
293,1.538236598942558,86.16915152673745,0.6362661193760262,15.459418960398128,140.99566317857946,0.762982328012861,15.87460524758319,1.9158455035793949,False,False
297,1.527914258251028,85.2666435850782,0.7235492893994845,16.419903644923682,146.96126296054067,0.7529338468948001,15.95152377176504,2.028874475597935,False,False
301,1.5285252629756445,86.90073460953259,0.6429889781713887,15.281013044212994,142.776949158459,0.7612100333814874,16.213424307696982,1.8885553968402118,False,False
305,1.522647325284378,89.4009168076172,0.6401271366894693,15.613481486504506,146.62886970109062,0.752261668683986,16.00339816781991,1.9294970092133328,False,False
309,1.5174859938489869,89.62966097627088,0.6459243476922798,15.596468007969529,147.52364127624884,0.7462085241592669,15.997992661194758,1.9215655191032612,False,False
312,1.605818899130659,84.97513196055104,0.6640509364278099,15.39476355570282,141.40294791203166,0.7927858278787715,15.977345940157363,1.9762640513004672,False,False
315,1.5638491446744425,88.7245921570747,0.4640847185475014,13.383413383754563,129.90031953653255,0.7887405645503612,15.795681431404432,1.6670796083665513,False,False
319,1.5480915247767786,88.9196660573888,0.5094726010210484,13.768678990190299,134.22179960556971,0.7749967373346227,15.833474434652146,1.7102457246245,False,False
323,1.5323755631868592,89.8065228001662,0.6196845815114267,15.469356621766288,145.45824029858363,0.7491416462591637,15.776074449856253,1.916325147569109,False,False
327,1.5269528268489705,88.66265503478567,0.6103844908239494,15.047335157282872,142.78096458329279,0.7690545758024766,16.026041378501418,1.8582315929745532,False,False
331,1.5169573017136326,89.06785163230973,0.6647926453178591,15.832791937350315,148.2795043317315,0.7532203859427175,16.035573712016458,1.9499724123829514,False,False
335,1.5118975960142693,89.0542146915599,0.6490159788835771,15.40191487729926,146.8518230133109,0.7578929271035661,16.11145758817611,1.8913041183658872,False,False
339,1.5065638960681105,89.93421240236611,0.6611794304853075,15.727990056563256,149.39686373970724,0.7547408713341582,16.108291919629153,1.9312364039365009,False,False
343,1.5015453526671363,90.04651645295472,0.6475602654964946,15.4551705149903,148.35706255426453,0.7577333941390222,16.17334098190173,1.8923217110854036,False,False
347,1.4908444050400238,91.47606042595143,0.6986040085753109,16.469474882836355,155.38160292819845,0.7362013793194623,16.085552784816116,2.0102740856989345,False,False
351,1.485868384561201,91.87684884483745,0.7191511172850764,16.659680941523074,157.95018734423442,0.7352240944532805,16.112565173909843,2.033995591315045,False,False
355,1.480413677976106,92.09517358676757,0.7143786853442179,16.559214682858,157.8860026202301,0.7379970273487557,16.170034126178848,2.0153835481478484,False,False
359,1.4752095869031632,92.4139087618308,0.7223915570594325,16.687544966359702,159.17293620623806,0.7345421285327505,16.19103513083371,2.0245134022357685,False,False
363,1.4859035988304024,90.99508122766495,0.6801292317244092,15.670920460896376,152.88349591373694,0.7408570396783498,16.24073872765831,1.9071035324533288,False,False
366,1.4960918298136696,95.02441539667406,0.5433083583626442,14.75824946048815,146.651974530211,0.7507280579786415,15.940464447459476,1.8008701728531262,False,False
370,1.4808005946928984,94.73157196743051,0.6011190658677102,15.198654383524602,151.67652601667209,0.7506317472084647,16.147133291223838,1.8435949344604008,False,False
374,1.4697543268466824,94.94112192015778,0.659981239339406,16.03185722933577,157.60048122929717,0.7404191435564155,16.153684531361648,1.938528776800196,False,False
378,1.4539012274845928,94.12297126178207,0.692148146640064,16.290855254810786,159.27001137688055,0.7340304885705468,16.24588810885666,1.951261377596704,False,False
382,1.4541462067235693,95.16475606047469,0.7315513191387963,17.003396345024882,164.7826588920367,0.7318220039627412,16.31656522367706,2.0495962654884288,False,False
386,1.455023751906683,95.83871893579739,0.6584491217617525,15.830980214709362,158.9436392498446,0.7405593062543034,16.3449150549892,1.9031057753488536,False,False
390,1.449042163761236,97.28554761237181,0.6669258131539697,16.07487286980503,162.16779056188213,0.7386686927884151,16.345529219404284,1.9322224510940178,False,False
394,1.4386709371480566,97.18715380294532,0.7433683637024265,17.340810407348823,169.43300929833686,0.7185257061819164,16.25134662972846,2.078269853365594,False,False
398,1.433445432156979,96.5664658496926,0.7584377413187556,17.41105057245889,169.80611809586821,0.7199902001821425,16.379186216446044,2.0797299417916766,False,False
402,1.4333958900838095,98.01747482621282,0.7023468416161993,16.659286962920525,166.8597386935987,0.7330426345415346,16.466972088182104,1.9899225477619527,False,False
406,1.42806487344776,100.12835302983116,0.7014708572269723,16.90863580739932,170.3654746623917,0.7199093962703317,16.33969297558832,2.0197491859721293,False,False
410,1.4229203181741186,99.31315292767316,0.7334670700728646,17.167702925440075,172.15608022523193,0.7132299751420408,16.35075610745764,2.0443550355656597,False,False
414,1.417429032731308,98.30348217828252,0.757113950162297,17.30739256325037,172.73041988499097,0.7192987399299361,16.453794392544637,2.054498684143377,False,False
418,1.412409228794446,97.39651043693144,0.7933145364840813,17.57114471504115,174.66257796937268,0.7168299964508486,16.579459605000636,2.0795183540785827,False,False
422,1.412578792940193,98.78782568914708,0.7445853285974907,16.932335106100822,172.34379134133232,0.7218428728922852,16.623953608285717,2.0034571503354095,False,False
426,1.4075983731469897,101.70269365214325,0.7213070526778546,17.078930195423247,175.06156385976942,0.7074068763626875,16.407221824842964,2.021438025907797,False,False
430,1.4333920485221476,96.44986833216713,0.6981504941581045,16.06479552112886,163.78639156975373,0.7118711074743787,16.007544851372757,1.9122176005618905,False,False
432,1.4382550176792908,99.35795165884318,0.6122684850473404,15.63548934859954,160.19169419840995,0.7281332562369888,16.150014695181937,1.8670593684624783,False,False
436,1.4173547174485526,99.1705380510437,0.7360542687759937,17.27643792608114,172.16543592032653,0.704215082821106,16.169978705118012,2.050573574246631,False,False
440,1.406981663677643,98.07446959425299,0.8039748817414786,18.028208916818066,176.9238796881508,0.698274853097663,16.312234344673243,2.1335769744507327,False,False
444,1.4012037783587625,97.77295675294026,0.8223941917575875,18.092719817000322,178.18086849752413,0.7023715997379767,16.46984198103229,2.133387523068215,False,False
448,1.3967008232726328,97.79396579964543,0.8462921557426564,18.285352179527678,180.55623193485096,0.7014791412547818,16.53174367696448,2.157163261333781,False,False
452,1.391284788852726,97.68930109341828,0.8492397403345628,18.190588711278707,180.65093778745774,0.7010369974700619,16.559595123386828,2.1317326743896734,False,False
456,1.3862287677978349,98.09945387070913,0.8602005791859137,18.436286015529447,182.48466090811496,0.7004833012022554,16.614737295186842,2.161235528820475,False,False
460,1.3804366761974138,97.69231623387684,0.9068367977160422,18.967978377382682,186.28330344886865,0.6959092257002387,16.624455012830424,2.22342029433308,False,False
464,1.3752364150256224,97.64090810384722,0.9237965960860168,19.160030190446168,187.84124664892886,0.6907072789621442,16.634933596517783,2.238541806056637,False,False
468,1.3705128024895008,97.99032693683614,0.9152339742920192,18.982480320560914,187.674403301411,0.6895753218448007,16.718211742594974,2.2110992489303833,False,False
472,1.3705085566270399,98.12586869107197,0.9082638854125624,18.800345959681255,187.2500514479079,0.6996526777770206,16.795206377160184,2.1901567472097123,False,False
476,1.3647355108681518,98.03869296058649,0.9476702523617444,19.277844156221327,190.94704585976106,0.693939559120443,16.802633263573625,2.2455526096653435,False,False
480,1.375392016895762,100.51627105584473,0.8541935813219643,18.403274142329874,186.37662461016603,0.6785810784857221,16.39838980176546,2.150138912861133,False,False
482,1.3861115151535393,102.41906663763426,0.7740298452933909,17.948291576576164,181.69448094225578,0.6938515682853214,16.40571541605044,2.103938623698651,False,False
484,1.3698500035838939,102.48096876063687,0.8432940323202285,18.76106426413126,188.9025581428777,0.6869977877469127,16.58142599716399,2.191976800637623,False,False
488,1.3647827949260758,100.85833723733029,0.8929322238852515,18.866640160701206,190.9179966040283,0.6945182157282581,16.824088857785966,2.197689917153299,False,False
492,1.3543220466259964,99.83051052467032,0.9682725489608497,19.819415236039912,196.49365341445576,0.6811219426957237,16.834078143384943,2.3010164916462466,False,False
496,1.3546417018378962,102.21664862570233,0.884031423867962,18.837472350944054,192.5793780532931,0.6843389674621235,16.852627247164662,2.1874537171012562,False,False
500,1.3547039213192407,103.42631927562421,0.8665233222145888,18.71021892641434,193.04763705876485,0.689915336239898,16.802419719130285,2.1728301974037816,False,False
504,1.349314997503458,102.06523413507537,0.9100228627516016,19.100363255637266,194.94693069008915,0.6909381473857046,16.869926269320445,2.210999398852068,False,False
508,1.3441891937970554,100.23317722054097,0.9684024165211674,19.552330041375367,197.2992282565073,0.6884770781904722,16.992861173350605,2.2555038640331526,False,False
512,1.3389913790695755,100.00103210839501,1.0004192389301743,19.927183073721018,200.04398854250746,0.6893271412501616,17.119459396598074,2.29917422888463,False,False
516,1.3389145230206971,102.10729600284267,0.9528238913518893,19.416217602901657,199.39756711569044,0.6859537364046565,17.115526795728215,2.2401953329107216,False,False
520,1.3340066759761655,103.04838905941475,0.9536287046897286,19.788660536715184,201.3182908385076,0.6787508128352483,16.941078753200088,2.276645017886169,False,False
524,1.3286444309174914,101.12643789091668,1.0250806294864017,20.34213169994307,204.78919050185505,0.679165849167316,17.033092779215053,2.3402574592787846,False,False
528,1.3231708992276219,99.75033513661182,1.079331263758031,20.841721571862752,207.41399041989823,0.6728826999568945,17.143683343394855,2.3892848559212205,False,False
532,1.3181691588445197,99.94145484636805,1.1146337941077844,21.307722556289214,211.33957785042708,0.6637288290761646,17.214946633808836,2.442666519686094,False,False
536,1.3184664436640334,102.36592644991883,1.0431791475787646,20.507398282493288,209.15192634505567,0.6658587282508626,17.181400036546393,2.351941722659856,False,False
540,1.318293040102702,101.8891978860075,1.0302296193740244,20.283337618245724,206.85846744243364,0.6776044119661201,17.17649036664841,2.3178962310762707,False,False
544,1.323872422244268,98.75290530052182,1.1187584256925023,21.279973297624895,209.23355016709436,0.6571821166485032,17.06748837397123,2.440331450973064,False,False
547,1.3601216766554785,100.448853451708,0.8761825349527183,18.66557561109105,188.46038450211964,0.6954659243081207,16.80901297546484,2.160340146263598,False,False
551,1.3395306867947354,102.00599502308275,0.9453601983602272,19.69162088966043,198.4384027120366,0.6732587919000277,16.87883115726794,2.2646477892573964,False,False
555,1.3290286565120697,101.3314327039882,1.0204999581474825,20.56201095260488,204.74015553743257,0.662181987595946,16.880907780114512,2.3577515014607324,False,False
559,1.3236741274998955,101.39948961608812,1.0489064035042173,20.93181266881473,207.75806358646236,0.6640273579668619,16.976331560766255,2.400313119873638,False,False
563,1.318633896753293,100.98259681365224,1.07806368542212,21.095432061330072,209.8482672980742,0.6608790800862655,17.052224205928894,2.4119903333628474,False,False
567,1.3134751321324272,101.08883645876978,1.1104420520864196,21.491436075446693,213.34213145907455,0.653872697384688,17.07388471100313,2.4570789820196306,False,False
571,1.3132020634442203,100.96338145568927,1.0923331368705391,21.110709212422595,211.2490286302391,0.6621828134070127,17.132405032087604,2.4048611979695003,False,False
575,1.3077959946944353,101.07974307331152,1.1202177057314384,21.524969235120505,214.3110609548198,0.6551756729289667,17.144633756028952,2.452175807312802,False,False
579,1.3030329186405918,101.09783701805537,1.1300155026684895,21.60405774640192,215.33996013471022,0.6484260435341673,17.13659517396377,2.453410916937171,False,False
583,1.3033573559038205,101.26629765764775,1.1228074631881129,21.352582114709396,214.96885243708354,0.6539956385379776,17.193506729456942,2.425554114213081,False,False
587,1.3034100438655642,101.75957096973103,1.0848467667835546,20.843282510702466,212.15311252552542,0.6639546994559744,17.283869942518606,2.360067614553852,False,False
591,1.2978870806495706,102.81238712350685,1.1088649988149017,21.474439621393426,216.81744464937148,0.6480418048887614,17.187167414624014,2.430841491082277,False,False
595,1.2980735056918902,101.58527464477824,1.1281245213169058,21.294778394217158,216.1861139762651,0.6584846700702183,17.310870963134107,2.4108537049990586,False,False
599,1.293463613844243,102.29885541006604,1.1301989665373382,21.58047356654662,217.91691607247526,0.6500919903993453,17.24223911400344,2.4356638002446735,False,False
603,1.288003392619118,103.27126818530999,1.132963722470842,21.831246675285115,220.2738686128234,0.641414975973424,17.178363908631184,2.463967117182816,False,False
607,1.2874525221379407,103.44238947387221,1.1296479101771957,21.694758544536004,220.2958685667675,0.6401779665396364,17.214629087918524,2.4477692046157022,False,False
611,1.3090153642307354,101.03410464844826,1.0248465466821863,20.125752677826956,204.5785578945371,0.6361843779873327,16.11292476588295,2.2784921622349086,False,False
613,1.3250793286429356,108.6191053846098,0.8519060134288635,20.75442538159756,201.15237443502232,0.6799963525924367,15.957710564427941,2.365073688969857,False,False
