idx,cap,R_mOhm,h,R_over_h,rmse,rise,tau_frac,railed,pass_
1,1.8564874208181574,88.22426606485612,12.479470574462992,7.069551992485269,0.7732408454669057,14.652147445917535,1.8606936006417323,False,False
3,1.846327249719927,86.78731464506495,12.006022445953349,7.228648375075858,0.7473796705822285,14.335646031057706,1.7814240199297824,False,False
5,1.8353491942234077,86.18726106068321,12.041332152408245,7.157618440368819,0.7278359278158331,14.084530525862988,1.7765907952465538,False,False
7,1.8352625275821128,84.04229922447614,11.642366905192128,7.218660939726605,0.7315180971025798,14.108068037117334,1.7082823792048585,False,False
9,1.8346455082120419,82.59753431540466,11.432889496441938,7.224554592354808,0.731509959966405,14.140595614085555,1.676441310690149,False,False
11,1.8356616600675495,83.05348381245112,11.44975216413914,7.2537363797774015,0.7351497292962551,14.229397669472462,1.6896045367189603,False,False
13,1.8351461429226603,82.52249063298267,11.239202120542291,7.342379801334239,0.737193589929501,14.235822946429721,1.6578744969428354,False,False
15,1.8257567905665537,81.4930050092142,11.115507452057502,7.331469603228029,0.7050389839297216,13.80350143457656,1.604429411863644,False,False
17,1.8247738529891333,80.57163785732622,10.855293103562781,7.422336466518999,0.7118841793170225,13.891056271332332,1.5572823661313693,False,False
19,1.824613268496936,79.4864700830607,10.62703560054966,7.479646542159833,0.7195442563483573,13.954923620632258,1.524818592987959,False,False
21,1.8246195526864504,77.98451942881705,10.255711070462727,7.604009014393819,0.7252788885372821,14.104718071788682,1.462837333596002,False,False
24,1.8142019357673917,79.82986607901307,10.541363896057096,7.573011127039522,0.7003186420539218,13.77764600378049,1.4868715160790975,False,False
26,1.8137521577549054,78.25031565920443,10.120790945111347,7.731640351389901,0.712482325002046,13.845846734525537,1.4190702433047255,False,False
28,1.8134404914735822,78.63029797240037,10.267301715753092,7.658321548275739,0.7210700176750459,14.072310729819833,1.4394964425722518,False,False
30,1.8025980036306504,78.1359457040217,10.407519706617586,7.507643310474754,0.6966541557337073,13.741466689435129,1.4508700614619614,False,False
32,1.80210690024615,77.77786497243576,10.35495450779261,7.511173990566942,0.7057008402704434,13.872944741868082,1.434802160553759,False,False
34,1.802579500826209,77.39216024709579,10.205162281050228,7.583628571081503,0.7153553707803711,13.95667580336044,1.4058318187735055,False,False
36,1.8030683142834096,78.15435346459212,10.380152394694388,7.52921060239339,0.7314547651327986,14.096334329174795,1.4219433148413956,False,False
38,1.8027776247196041,77.86822880910164,10.235596074876025,7.607591022493997,0.7353812239471686,14.185140915471948,1.4020827028818896,False,False
41,1.8470259949329193,82.73958004550757,11.515508552537058,7.185056540753353,0.7111555661452013,13.888783779296375,1.6711371149671976,False,False
45,1.847417311283644,80.53708950843941,10.285777786721123,7.8299464735095,0.7284182475695412,14.07016945722529,1.4762883868459027,False,False
49,1.8361774213478947,79.72701210356804,10.544472486994486,7.561024242976882,0.7173557939370085,13.948275574114973,1.5045909921888896,False,False
53,1.8257807475776242,79.01225429302735,10.66980272670988,7.4052216631179855,0.7131495449874687,13.949234677873733,1.505803177080567,False,False
57,1.8251136435078368,78.21240483756463,10.512427340375448,7.439994808541649,0.7221242241099539,14.110271378053937,1.4915303747029651,False,False
61,1.8255815042203762,78.03853059341651,10.559378728311193,7.39044716562577,0.747291396259306,14.246717551430208,1.4642069719072401,False,False
65,1.8140311275083907,77.88960657850124,10.607424601153111,7.342932851960506,0.722900219650138,14.043746186110468,1.4705212013992515,False,False
69,1.8147691941158939,77.48109039104475,10.526144191562409,7.360823581834682,0.7473853859000907,14.29946773136021,1.4512920240869784,False,False
73,1.813969388710352,77.16017851921495,10.428245621101878,7.399152390798981,0.7598262305453162,14.433546048604114,1.4370703919573626,False,False
77,1.802765665167823,77.14231058774044,10.348685404163579,7.454310144233763,0.7304677057944633,14.20085769442386,1.4261190943158786,False,False
81,1.804077040117352,77.37802321696923,10.357514931778418,7.470713170739612,0.7519487386762241,14.392900662846728,1.4198035435082161,False,False
85,1.8518025516704486,75.08116456679349,9.365542517213646,8.016744831257355,0.7972377590707811,14.67666650056077,1.3133222698708251,False,False
89,1.8307038456739428,76.9341548530886,9.945048763067195,7.735925352000086,0.7802958723285003,14.287220103926472,1.371857797471781,False,False
93,1.8199041089501267,76.34168255590251,10.081810149148826,7.572219812366511,0.7782491164110868,14.308408700187329,1.3830284191023408,False,False
97,1.8093079637028517,75.19019585001477,10.053102289836175,7.4793027746303835,0.7727233778619472,14.32194371135165,1.37534563043981,False,False
101,1.80460990458052,74.24441860161254,9.913927146512458,7.488900967739146,0.8051467544272555,14.3405600102883,1.3491701225790047,False,False
105,1.7993770651972192,76.92600343734766,9.906936399230085,7.764862954336312,0.7831197600915644,14.36112038390229,1.348250385361177,False,False
109,1.7884432335370462,75.1615457895206,9.64517374897601,7.792658561231227,0.7728518119847492,14.317003853809467,1.3089061951105843,False,False
113,1.7829230484252723,75.53567497181817,9.819703563562534,7.692256134095991,0.7851245126836613,14.557984921026161,1.3249656586067509,False,False
117,1.7730337158018288,75.03126465438727,9.6412248446866,7.782337396242548,0.7751956444709087,14.518922832738554,1.2976757528175722,False,False
121,1.773037755078937,76.2866057337525,9.545511649322846,7.991882314570769,0.7953607208922606,14.959371983891572,1.2809066159026767,False,False
125,1.7678721106662054,78.46238909096398,9.518684655682778,8.242986497522104,0.7833418608764204,14.728714061595383,1.277559010560481,False,False
129,1.7623150704093087,78.89167505106195,9.509116533142073,8.296425306820169,0.7772781159679062,14.616668328231015,1.2724266016049637,False,False
133,1.7676172924938447,75.49714465772215,9.001535137605638,8.387141026903107,0.8179771813644456,14.51083922740412,1.2101667475980915,False,False
135,1.762668359743147,75.8766968936097,9.458836427147752,8.021779156243408,0.8107258087804105,14.441304705946948,1.2657941024628152,False,False
139,1.7517304870664143,75.35632250157983,9.384628139163267,8.029761156663005,0.8058209097766309,14.766334581785031,1.2486947320527102,False,False
143,1.7418496047960008,75.55191271290988,9.430187169820071,8.011708712919578,0.8004912373672323,14.805312964989355,1.2479578215172702,False,False
147,1.7360913511847138,75.636986265254,9.262356962128278,8.166062544827073,0.8110698264393199,14.965001236699607,1.2218886334973829,False,False
149,1.7936240148573608,82.24757598762942,8.78223988345955,9.365216286397997,0.829576356440169,14.06480804094133,1.1812332642797652,False,False
153,1.7831890223273275,79.4501618898454,8.83730229408252,8.990318453069715,0.8266850038876562,14.18488470398654,1.1887567700772097,False,False
157,1.7673642076278957,78.21152629027986,9.143427525086993,8.55385205117987,0.8302594304561449,14.346685208224358,1.2197070022161292,False,False
161,1.7570177850353066,76.85366035988424,8.942705475221663,8.59400553588949,0.8327726831679062,14.589947971667755,1.186421689629708,False,False
165,1.7468706179837907,76.06655832515574,8.86195301298454,8.583498266544966,0.8251082131660479,14.588353315265067,1.1726870247131715,False,False
169,1.7417172507457144,76.15242065974192,8.640777679698987,8.81314431207479,0.8297277882793356,14.90069123801078,1.140113433308084,False,False
173,1.7364225056478186,77.06883481418143,8.325641876582472,9.256803974592385,0.8266170176250038,14.896646278891978,1.0986796223681972,False,False
177,1.7263217239235826,76.56088352887967,8.547097350252976,8.957530304321809,0.8215328432438043,14.840646651769987,1.1249686079030303,False,False
181,1.7158065389330133,76.20235315271165,8.432367798837971,9.036886787980569,0.8245875034347286,14.867707224154742,1.1068012527163815,False,False
185,1.710533351135192,76.0845483952209,8.344396540653408,9.118040834294185,0.8259661084944345,14.988636771073914,1.0919413255105406,False,False
189,1.706014499648521,76.98548101091474,8.068637618256416,9.541323412111652,0.8202212820466115,15.183155569322025,1.0563036562592867,False,False
193,1.7003110272642588,78.56136179442096,8.451178056648812,9.295906590515417,0.8244205181444021,14.884493588522957,1.1029586384397512,False,False
197,1.6945798601797895,77.4684637582435,8.171311030145965,9.480542776115533,0.8239251261038113,15.026593610097109,1.066325054959834,False,False
201,1.6849029086609286,77.47313945575964,8.167053136440918,9.486057965030124,0.8150241533558947,14.958476185200652,1.060056768572494,False,False
205,1.6744741591159717,77.28606950361625,8.184964241326021,9.442444368100912,0.81733963329208,15.110608773944989,1.062629600587853,False,False
209,1.6745692479879102,77.67287504529985,7.742572298758926,10.031921181769295,0.8188433207228117,15.315496776048121,1.002179162816708,False,False
213,1.663716375981405,73.70636122357546,7.2389188783072145,10.181957066054501,0.8063619713665101,14.67796740539518,0.9345151790323775,False,False
215,1.659013868748246,78.73357678657077,7.905277153683736,9.95962257311651,0.8076903093843181,15.115677856881007,1.0205993881926707,False,False
219,1.6538540573335014,78.41517127824902,7.683473771122173,10.205692583082309,0.8169990755592921,15.375632472490565,0.9891648253133443,False,False
223,1.642653782130131,79.12794848772174,7.898471257380029,10.018134637609476,0.8045961806474329,15.35457128944563,1.0136971411656448,False,False
227,1.6378578430223698,79.02290395851864,7.719664151865059,10.236572783989162,0.8106743021134506,15.462157921153619,0.9879900658504526,False,False
231,1.6327350407099108,79.53706838645223,7.736719081626146,10.280464825890343,0.809763697478905,15.475354015335483,0.9902122033345332,False,False
235,1.6277528915533617,79.56596470827733,7.6251215220144015,10.43471431616707,0.809442718638795,15.519413924501066,0.9732668140412999,False,False
239,1.622125485521159,79.6383043662675,7.51529311431228,10.59683277217793,0.815399778497726,15.643852566505302,0.9561362788624981,False,False
243,1.6113256603765849,80.84956244016351,7.880369953593307,10.259615083591038,0.7972312589255447,15.527397208594664,1.0026677066117562,False,False
247,1.6065631397488385,80.94882412765325,7.732276882625696,10.468950524721118,0.8053808691674202,15.656774387253904,0.9811547057333124,False,False
251,1.6015142233917594,80.865845532512,7.605275123455677,10.632862614412332,0.8097480097584565,15.712680942665088,0.9622977659996722,False,False
255,1.590369231400328,81.9728584142744,7.92925113024914,10.33803281895787,0.7940401367769012,15.632547898674716,1.0001771558902104,False,False
259,1.5857889968242211,81.84759265716765,7.814839294257032,10.473355826691893,0.8003784446501948,15.758326936067931,0.9858143487507975,False,False
263,1.5849430707374117,80.00182815744854,7.628728090012255,10.486915671065688,0.7997529243525184,15.528747201881458,0.9621974494628177,False,False
265,1.5955263892495937,82.24292702774876,7.907657630502247,10.400415757823495,0.7960682805570473,15.366072616583722,0.9971188845547172,False,False
269,1.5747301747801037,81.70021659545249,7.922062633549593,10.312998063087205,0.7924057789089013,15.59463590466521,0.9934836290814129,False,False
273,1.5649019950937946,82.25925372790248,8.015546607254965,10.262463404984592,0.7969136438352722,15.856810605948965,1.00237859437718,False,False
277,1.5597659473370362,83.03228853700152,7.93053509810084,10.469947804264258,0.7966837341658327,15.965795188082268,0.9919676717791402,False,False
281,1.5594815668184234,84.052447432418,7.666400635541094,10.963743147306257,0.8065035448613855,16.051299490293786,0.9584791170009133,False,False
285,1.55468935359061,84.63766413700665,7.741236879332294,10.933351537526768,0.7915107833206061,15.810713669279608,0.965396670965753,False,False
289,1.5488741079890418,84.50105776044762,7.702347708593231,10.970818373490571,0.7993431363858703,15.904884716256163,0.9602649150839593,False,False
293,1.538236598942558,84.63834003240743,7.904969762472876,10.706978340917829,0.7937783293837435,15.87460524758319,0.9796423018329736,False,False
297,1.527914258251028,84.9710124982627,8.045170232222878,10.56174201981867,0.7908365746989878,15.95152377176504,0.9940765115904657,False,False
301,1.5285252629756445,86.14159352596846,7.8361630553875825,10.992828112062279,0.7940353118611293,16.213424307696982,0.9684585692030789,False,False
305,1.522647325284378,87.59810986301852,8.037345549969938,10.898885623170223,0.7880617144611769,16.00339816781991,0.9932463950519579,False,False
309,1.5174859938489869,87.66240677955145,7.939094350896682,11.041864840622583,0.7824877560563657,15.997992661194758,0.9781374827810538,False,False
312,1.605818899130659,82.64204304667278,7.5953031668364845,10.880677338531303,0.822835488311119,15.977345940157363,0.9750279407043657,False,False
315,1.5638491446744425,85.32639511165988,7.594834123812074,11.23479377174758,0.8062986618970089,15.795681431404432,0.9460361668348617,False,False
319,1.5480915247767786,85.70206006443746,7.550502820616833,11.350510303820545,0.7967327785299074,15.833474434652146,0.9378688527000578,False,False
323,1.5323755631868592,86.9943390107121,7.9644002753074625,10.922898900552022,0.781756181038794,15.776074449856253,0.986620252286573,False,False
327,1.5269528268489705,86.69617520766778,7.80364816001181,11.109698109138812,0.7997168294883895,16.026041378501418,0.9636912715653342,False,False
331,1.5169573017136326,87.5222425324429,7.994400125315097,10.947943705656495,0.7901368311865176,16.035573712016458,0.9845932264883985,False,False
335,1.5118975960142693,87.49692056455352,7.801936803544566,11.214769199976347,0.79330615888934,16.11145758817611,0.9580519906341459,False,False
339,1.5065638960681105,88.44198273409594,7.982906420467283,11.078920142085162,0.79356341772408,16.108291919629153,0.9802193053899733,False,False
343,1.5015453526671363,88.55822825983259,7.8904079080997,11.22352979608638,0.7955193594227404,16.17334098190173,0.9660967622023285,False,False
347,1.4908444050400238,90.10043814244493,8.245757750796498,10.926883964513959,0.7818479703169734,16.085552784816116,1.0064821884911606,False,False
351,1.485868384561201,90.61520512589631,8.266394276223949,10.961877947985917,0.7854441117505212,16.112565173909843,1.0092515920880696,False,False
355,1.480413677976106,90.9546227220064,8.243114755093515,11.034011465848453,0.787888780048528,16.170034126178848,1.0032503461717885,False,False
359,1.4752095869031632,91.2892082800626,8.255308014280741,11.058243753248536,0.7857611467606288,16.19103513083371,1.0015242954063814,False,False
363,1.4859035988304024,89.56504283571843,7.79597125419395,11.488631745215283,0.7844939588245424,16.24073872765831,0.9487460774800881,False,False
366,1.4960918298136696,91.52021815664173,8.091982141622587,11.309987658758017,0.7831418458012971,15.940464447459476,0.9874212600297292,False,False
370,1.4808005946928984,91.88150112235404,7.983595882751725,11.508786575841187,0.7895573009267052,16.147133291223838,0.9684092128691945,False,False
374,1.4697543268466824,92.61310876207466,8.180772606831793,11.320826676533354,0.7874008904776439,16.153684531361648,0.9891968776882154,False,False
378,1.4539012274845928,92.56677022075354,8.133976389406923,11.380260501039258,0.7842458203493727,16.24588810885666,0.9742590997637318,False,False
382,1.4541462067235693,94.18232818457058,8.496539539301766,11.084786665079221,0.7918853195781952,16.31656522367706,1.0241763090127036,False,False
386,1.455023751906683,93.81030116480018,8.094658338576789,11.589161301314913,0.7905986517750332,16.3449150549892,0.9730914210421215,False,False
390,1.449042163761236,95.05529102734731,8.226947394861758,11.554138669552605,0.7937723258936321,16.345529219404284,0.9888907109294068,False,False
394,1.4386709371480566,95.8202643175475,8.6339391781147,11.098093505271915,0.7862902736544247,16.25134662972846,1.0347645287710194,False,False
398,1.433445432156979,95.99394654893713,8.640471701726172,11.109803939264067,0.788854055366758,16.379186216446044,1.0320943951371107,False,False
402,1.4333958900838095,96.6702662628327,8.47998198569962,11.399819766817245,0.7959941191466073,16.466972088182104,1.012918943981057,False,False
406,1.42806487344776,98.13076201678423,8.660904591199898,11.330313246550729,0.7883831101666048,16.33969297558832,1.0345515272263002,False,False
410,1.4229203181741186,97.70804669249766,8.600997898916399,11.360082613763627,0.7857968455405118,16.35075610745764,1.0242193403453632,False,False
414,1.417429032731308,97.5113915684087,8.576564889490648,11.36951598044748,0.7932296814769845,16.453794392544637,1.0180933503145573,False,False
418,1.412409228794446,97.41402653046265,8.536878084690237,11.410966112443592,0.7945859178599246,16.579459605000636,1.010326586659325,False,False
422,1.412578792940193,98.02400903917719,8.399214633267082,11.670616041996336,0.7946919316202794,16.623953608285717,0.9938066137232131,False,False
426,1.4075983731469897,99.91462071651267,8.673274979411575,11.519826242530964,0.7846110492783709,16.407221824842964,1.0265565613258096,False,False
430,1.4333920485221476,93.38337108239175,7.827203704775783,11.930617191604929,0.7716659001350905,16.007544851372757,0.931684232629669,False,False
432,1.4382550176792908,96.31914721078157,8.296290875120746,11.609904794879762,0.7781442043910316,16.150014695181937,0.9906736691468733,False,False
436,1.4173547174485526,97.44191708280263,8.634135402925189,11.285660061549411,0.7765115537453787,16.169978705118012,1.0248021015360853,False,False
440,1.406981663677643,97.93844296547958,8.819247522365263,11.10507928449809,0.7819417310222796,16.312234344673243,1.0437278341137213,False,False
444,1.4012037783587625,98.1723537603149,8.752353715150933,11.216680330271815,0.7881769653526048,16.46984198103229,1.0320262736748933,False,False
448,1.3967008232726328,98.62775186194831,8.790238662896966,11.220144940802317,0.7950761459931623,16.53174367696448,1.0370038113450715,False,False
452,1.391284788852726,98.51136895557865,8.626094781857406,11.42015842009642,0.7906824450794302,16.559595123386828,1.0108814173488656,False,False
456,1.3862287677978349,99.37109150819126,8.809745957221871,11.279677301787673,0.7963682692530214,16.614737295186842,1.0327424919852368,False,False
460,1.3804366761974138,99.80880232672556,8.959207855569481,11.140360167520784,0.8030014475579622,16.624455012830424,1.050195448924285,False,False
464,1.3752364150256224,100.16729453275114,9.00477498936439,11.1237976130508,0.7999041946656923,16.634933596517783,1.0520633353634605,False,False
468,1.3705128024895008,100.50061348355369,8.921696857519578,11.264742020330763,0.7993737056551115,16.718211742594974,1.0392086222514885,False,False
472,1.3705085566270399,100.58857822830706,8.845947164940185,11.371148431337847,0.8079209050434156,16.795206377160184,1.0305135293947987,False,False
476,1.3647355108681518,101.21381471577347,8.998840838156411,11.247428033909877,0.8128647687245139,16.802633263573625,1.0482173402965236,False,False
480,1.375392016895762,100.5664296327515,8.752600567891252,11.4898913588811,0.7850126741898457,16.39838980176546,1.022606462535198,False,False
482,1.3861115151535393,101.52851384471587,8.966257616008564,11.323399147426292,0.7829633526803725,16.40571541605044,1.0510446427654485,False,False
484,1.3698500035838939,103.33372911305462,9.259214903045203,11.16009620632845,0.7958004769735519,16.58142599716399,1.081814121728506,False,False
488,1.3647827949260758,102.69528273795147,8.999119722246515,11.411703134038861,0.8107008427306629,16.824088857785966,1.0482669149556472,False,False
492,1.3543220466259964,103.47814870494408,9.336744871459544,11.082893463358404,0.8119801084215849,16.834078143384943,1.0839877802476785,False,False
496,1.3546417018378962,104.33214132104243,9.142477518297087,11.411801791389665,0.80550509835784,16.852627247164662,1.0616470223995513,False,False
500,1.3547039213192407,104.60647792368871,9.085748752442449,11.513247919778564,0.8114571761679392,16.802419719130285,1.0551340597869765,False,False
504,1.349314997503458,104.2536607957927,9.11245675620226,11.440785244312295,0.8178568548632701,16.869926269320445,1.054830012412581,False,False
508,1.3441891937970554,103.887824887006,9.111351958023505,11.402020837919869,0.8219724428903817,16.992861173350605,1.0510608968036041,False,False
512,1.3389913790695755,104.90469991409351,9.324187272337962,11.250814344464526,0.8321049310887921,17.119459396598074,1.0758134254371756,False,False
516,1.3389145230206971,105.84088121747676,9.21184907796521,11.48964559901971,0.8253779216310384,17.115526795728215,1.0628404426643632,False,False
520,1.3340066759761655,106.34340948911971,9.419179421875159,11.290092769880477,0.8212531627063312,16.941078753200088,1.0836573735549875,False,False
524,1.3286444309174914,106.09492313973891,9.479782133203653,11.191704793313068,0.8363669796450863,17.033092779215053,1.090600099183788,False,False
528,1.3231708992276219,106.23245934302328,9.584015479095171,11.084337204456675,0.8377190441514956,17.143683343394855,1.0987068877280868,False,False
532,1.3181691588445197,107.6023906713446,9.845287236086424,10.929329748444937,0.8399505481025914,17.214946633808836,1.1286402591713345,False,False
536,1.3184664436640334,108.30939463637633,9.637008231934281,11.238902367798136,0.834711191716837,17.181400036546393,1.1052441382411693,False,False
540,1.318293040102702,107.3587494704232,9.44104320317088,11.371492234498573,0.8363782191191044,17.17649036664841,1.0788835087166826,False,False
544,1.323872422244268,105.81976168703987,9.64854286856807,10.967434474667414,0.8276956815649947,17.06748837397123,1.1064695565598528,False,False
547,1.3601216766554785,102.41080370121193,8.938010824122516,11.457896585313886,0.801778254047742,16.80901297546484,1.0344788724124319,False,False
551,1.3395306867947354,105.31202048080833,9.356529393338363,11.255457665295008,0.8049857630078862,16.87883115726794,1.0760538060567428,False,False
555,1.3290286565120697,106.07440091988934,9.597887802506307,11.051848396497197,0.8136793919086208,16.880907780114512,1.1005457797572131,False,False
559,1.3236741274998955,107.08672038789256,9.803931597396522,10.922834306221588,0.8252186176548868,16.976331560766255,1.1242459509794152,False,False
563,1.318633896753293,107.18393335544698,9.726258192987626,11.020058405679974,0.8284316745196895,17.052224205928894,1.1120720672169164,False,False
567,1.3134751321324272,108.1198756871986,9.920733589858301,10.898375075581773,0.8342341853130493,17.07388471100313,1.1342204357253656,False,False
571,1.3132020634442203,107.48167482244214,9.649662845210154,11.138386547442257,0.8331913988686465,17.132405032087604,1.0992572308408397,False,False
575,1.3077959946944353,108.49919124467522,9.90387324282928,10.955228180371966,0.8378156104479869,17.144633756028952,1.1282728490562968,False,False
579,1.3030329186405918,108.73096798977892,9.898129502578024,10.985001556249523,0.8341566702553556,17.13659517396377,1.1240563816270701,False,False
583,1.3033573559038205,108.59924458897322,9.739536294858208,11.150350622575944,0.8397796939352239,17.193506729456942,1.1063660686848258,False,False
587,1.3034100438655642,108.42079052022119,9.51440524008219,11.395435424956169,0.8370833685286383,17.283869942518606,1.0773082247160248,False,False
591,1.2978870806495706,109.79827117978677,9.877390982278216,11.116120782986545,0.8366950325260846,17.187167414624014,1.1180907277060692,False,False
595,1.2980735056918902,109.05000319487317,9.655231555708959,11.294395433778483,0.8477688735219866,17.310870963134107,1.093101338637363,False,False
599,1.293463613844243,109.91147135202695,9.850855187722427,11.157556299174376,0.840824347801882,17.24223911400344,1.1118093079932103,False,False
603,1.288003392619118,111.13325814660612,10.109507828606917,10.992944466804989,0.8419229995538788,17.178363908631184,1.1410019423576678,False,False
607,1.2874525221379407,111.1787271147823,10.025091209882337,11.090046443187143,0.8418167613114295,17.214629087918524,1.1311077505950822,False,False
611,1.3090153642307354,102.18330961982115,8.793527912056069,11.620286037839962,0.8063500041854375,16.11292476588295,0.9955396325667758,False,False
613,1.3250793286429356,107.64371940118485,10.388701912385587,10.361614021560305,0.8104644606077676,15.957710564427941,1.183846100471644,False,False
